[
  {
    "id": "551b455b-dfd2-40a7-bae2-28b5c22d495e",
    "data": [
      {
        "text": "purchase new order",
        "userDefined": false
      }
    ],
    "isTemplate": false,
    "count": 0,
    "lang": "en",
    "updated": 0
  },
  {
    "id": "547e64ef-8ebd-4bb2-ba16-5f8e72cbec1b",
    "data": [
      {
        "text": "Make a new order.",
        "userDefined": false
      }
    ],
    "isTemplate": false,
    "count": 0,
    "lang": "en",
    "updated": 0
  },
  {
    "id": "1bd3ad5b-cae7-4e4a-8e89-1c17e8d7d2a9",
    "data": [
      {
        "text": "generate a new order",
        "userDefined": false
      }
    ],
    "isTemplate": false,
    "count": 0,
    "lang": "en",
    "updated": 0
  },
  {
    "id": "584a8a4b-165b-421e-a604-5b96588c61bc",
    "data": [
      {
        "text": "begin a fresh order placaements",
        "userDefined": false
      }
    ],
    "isTemplate": false,
    "count": 1,
    "lang": "en",
    "updated": 0
  },
  {
    "id": "a2027642-13c0-404a-aea1-9360ad25940b",
    "data": [
      {
        "text": "start a new purchase",
        "userDefined": false
      }
    ],
    "isTemplate": false,
    "count": 1,
    "lang": "en",
    "updated": 0
  },
  {
    "id": "564b0fef-20f9-4bc7-a51d-884d17be3165",
    "data": [
      {
        "text": "create a brand new order",
        "userDefined": false
      }
    ],
    "isTemplate": false,
    "count": 0,
    "lang": "en",
    "updated": 0
  },
  {
    "id": "5274a1d3-72fc-47e4-a827-5682ba206ab9",
    "data": [
      {
        "text": "Initiate a fresh order",
        "userDefined": false
      }
    ],
    "isTemplate": false,
    "count": 0,
    "lang": "en",
    "updated": 0
  },
  {
    "id": "77f74cdc-1deb-44c0-81d5-70fd20a9bb49",
    "data": [
      {
        "text": "new order",
        "userDefined": false
      }
    ],
    "isTemplate": false,
    "count": 1,
    "lang": "en",
    "updated": 0
  },
  {
    "id": "e5baca78-6b7e-49ab-8be5-af6978d62b0b",
    "data": [
      {
        "text": "place new order",
        "userDefined": false
      }
    ],
    "isTemplate": false,
    "count": 1,
    "lang": "en",
    "updated": 0
  },
  {
    "id": "912b97ef-f736-425a-b307-a02c7b5a2855",
    "data": [
      {
        "text": "start a new order",
        "userDefined": false
      }
    ],
    "isTemplate": false,
    "count": 0,
    "lang": "en",
    "updated": 0
  }
]