[
  {
    "id": "ca4d312c-c91b-47e2-a948-a0f0bdca0b83",
    "data": [
      {
        "text": "Trace my purchase",
        "userDefined": false
      }
    ],
    "isTemplate": false,
    "count": 0,
    "lang": "en",
    "updated": 0
  },
  {
    "id": "fa92c002-8c23-45b4-93e5-7cf94872245c",
    "data": [
      {
        "text": "check the status of my purchase",
        "userDefined": false
      }
    ],
    "isTemplate": false,
    "count": 0,
    "lang": "en",
    "updated": 0
  },
  {
    "id": "5de95e12-d06e-4527-92e7-e19ec8f2d659",
    "data": [
      {
        "text": "Trace my order.",
        "userDefined": false
      }
    ],
    "isTemplate": false,
    "count": 0,
    "lang": "en",
    "updated": 0
  },
  {
    "id": "b877fb08-0d60-4d0a-bff8-5ce7b96f2e0e",
    "data": [
      {
        "text": "Check the status of existing order.",
        "userDefined": false
      }
    ],
    "isTemplate": false,
    "count": 0,
    "lang": "en",
    "updated": 0
  },
  {
    "id": "d9b5f9a9-da3d-4d2a-a7a7-05e01ae498f8",
    "data": [
      {
        "text": "Check the status of your existing order.",
        "userDefined": false
      }
    ],
    "isTemplate": false,
    "count": 0,
    "lang": "en",
    "updated": 0
  },
  {
    "id": "bf10f1b6-930d-47c8-93e7-6d3dace54729",
    "data": [
      {
        "text": "Monitor my current order.",
        "userDefined": false
      }
    ],
    "isTemplate": false,
    "count": 0,
    "lang": "en",
    "updated": 0
  },
  {
    "id": "70574ff2-a2a3-4c8a-b7f6-df5e56bbaa6d",
    "data": [
      {
        "text": "track order",
        "userDefined": false
      }
    ],
    "isTemplate": false,
    "count": 0,
    "lang": "en",
    "updated": 0
  },
  {
    "id": "d0088a26-3a25-4ae8-9547-5997d5041676",
    "data": [
      {
        "text": "track existing order",
        "userDefined": false
      }
    ],
    "isTemplate": false,
    "count": 0,
    "lang": "en",
    "updated": 0
  },
  {
    "id": "3eeb8a03-c34e-4c80-887f-e9127d51f127",
    "data": [
      {
        "text": "check the status of my order",
        "userDefined": false
      }
    ],
    "isTemplate": false,
    "count": 0,
    "lang": "en",
    "updated": 0
  }
]