[
  {
    "id": "b2f0d391-4556-487c-a4be-b9a2fb752a34",
    "data": [
      {
        "text": "my track id is ",
        "userDefined": false
      },
      {
        "text": "345",
        "meta": "@sys.number",
        "alias": "number",
        "userDefined": false
      }
    ],
    "isTemplate": false,
    "count": 0,
    "lang": "en",
    "updated": 0
  },
  {
    "id": "49dd5b25-d809-46f4-9799-6b41a4fb961e",
    "data": [
      {
        "text": "tracking id is ",
        "userDefined": false
      },
      {
        "text": "345",
        "meta": "@sys.number",
        "alias": "number",
        "userDefined": false
      }
    ],
    "isTemplate": false,
    "count": 0,
    "lang": "en",
    "updated": 0
  },
  {
    "id": "0924837a-0f78-44f1-a34f-e0569e7c3a99",
    "data": [
      {
        "text": "id:",
        "userDefined": false
      },
      {
        "text": "345",
        "meta": "@sys.number",
        "alias": "number",
        "userDefined": false
      }
    ],
    "isTemplate": false,
    "count": 0,
    "lang": "en",
    "updated": 0
  },
  {
    "id": "9403cb38-6c48-4306-85e8-ac9a4bd88f62",
    "data": [
      {
        "text": "123",
        "meta": "@sys.number",
        "alias": "number",
        "userDefined": false
      }
    ],
    "isTemplate": false,
    "count": 0,
    "lang": "en",
    "updated": 0
  },
  {
    "id": "417e2344-001b-41e2-8413-00c3a19e1fae",
    "data": [
      {
        "text": "7890",
        "meta": "@sys.number",
        "alias": "number",
        "userDefined": false
      }
    ],
    "isTemplate": false,
    "count": 0,
    "lang": "en",
    "updated": 0
  },
  {
    "id": "ca40f364-038e-420d-b4cd-ca1c34c07929",
    "data": [
      {
        "text": "here is my order id # ",
        "userDefined": false
      },
      {
        "text": "341",
        "meta": "@sys.number",
        "alias": "number",
        "userDefined": false
      }
    ],
    "isTemplate": false,
    "count": 0,
    "lang": "en",
    "updated": 0
  },
  {
    "id": "e82904a2-e8fd-4a9c-8c37-1f7dc81abf25",
    "data": [
      {
        "text": "id is ",
        "userDefined": false
      },
      {
        "text": "453",
        "meta": "@sys.number",
        "alias": "number",
        "userDefined": false
      }
    ],
    "isTemplate": false,
    "count": 0,
    "lang": "en",
    "updated": 0
  },
  {
    "id": "efa505fd-6e6c-4d76-a415-3e63f796b7dd",
    "data": [
      {
        "text": "here is my order number ",
        "userDefined": false
      },
      {
        "text": "675",
        "meta": "@sys.number",
        "alias": "number",
        "userDefined": false
      }
    ],
    "isTemplate": false,
    "count": 0,
    "lang": "en",
    "updated": 0
  },
  {
    "id": "cde618f5-7644-41fb-8b9c-f8203a43adb7",
    "data": [
      {
        "text": "here you go: ",
        "userDefined": false
      },
      {
        "text": "123",
        "meta": "@sys.number",
        "alias": "number",
        "userDefined": false
      }
    ],
    "isTemplate": false,
    "count": 0,
    "lang": "en",
    "updated": 0
  },
  {
    "id": "2a688f11-c442-4017-98b3-bfb34b68a9ae",
    "data": [
      {
        "text": "here it is - ",
        "userDefined": false
      },
      {
        "text": "63321",
        "meta": "@sys.number",
        "alias": "number",
        "userDefined": false
      }
    ],
    "isTemplate": false,
    "count": 0,
    "lang": "en",
    "updated": 0
  },
  {
    "id": "1e73497e-c304-40bf-93c3-7936c2305378",
    "data": [
      {
        "text": "how about ",
        "userDefined": false
      },
      {
        "text": "40",
        "meta": "@sys.number",
        "alias": "number",
        "userDefined": false
      },
      {
        "text": "?",
        "userDefined": false
      }
    ],
    "isTemplate": false,
    "count": 0,
    "lang": "en",
    "updated": 0
  },
  {
    "id": "469ac728-6b2e-48cf-92bb-690214b149c2",
    "data": [
      {
        "text": "how about ",
        "userDefined": false
      },
      {
        "text": "32",
        "meta": "@sys.number",
        "alias": "number",
        "userDefined": false
      }
    ],
    "isTemplate": false,
    "count": 0,
    "lang": "en",
    "updated": 0
  }
]