[
  {
    "value": "Pav bhaji",
    "synonyms": [
      "bhaji pav",
      "mumbai pav bhaji",
      "pav bhaji",
      "pavv bhaji",
      "paav bhaji",
      "bhaji paav"
    ]
  },
  {
    "value": "chole bhature",
    "synonyms": [
      "chole bhature",
      "bhature chole",
      "chole puri",
      "puri chole",
      "chhole bhature",
      "chhole puri",
      "puri chhole",
      "chole bhatura",
      "bhatura",
      "bhature"
    ]
  },
  {
    "value": "Pizza",
    "synonyms": [
      "Pizza"
    ]
  },
  {
    "value": "Mango Lassi",
    "synonyms": [
      "Mango Lassi",
      "lassi mango",
      "aam lassi",
      "lassi aam"
    ]
  },
  {
    "value": "Masala Dosa",
    "synonyms": [
      "Masala Dosa",
      "Dosa Masala",
      "Dosa"
    ]
  },
  {
    "value": "Biryani",
    "synonyms": [
      "Biryani",
      "hyderabadi biryani",
      "dum biryani"
    ]
  },
  {
    "value": "Vada Pav",
    "synonyms": [
      "Vada Pav",
      "pav vada",
      "mumbai vada pav",
      "vada paav"
    ]
  },
  {
    "value": "Rava Dosa",
    "synonyms": [
      "Rava Dosa",
      "dosa rava",
      "sooji dosa"
    ]
  },
  {
    "value": "Samosa",
    "synonyms": [
      "Samosa",
      "Aloo samosa",
      "samosa Aloo"
    ]
  }
]